CardCode,CardName
V1062,( Do Not Use ) Siddhi Ganesh & Pathivara Suppliers
V1044,( Do not Use ) Balaji and Aradhya Traders
V1081,(DO not use )Steel Wood
V1036,(Do not  use) Ramniwash Traders Suppliers
V0536,(Do not Use) Quality International
V0420,(Do not use) I.P. Roadlines Pvt. Ltd.
V0781,(do not use) Hi-Tech Automation
V1482,A to Z Emporium
V0198,A.G. Traders And Suppliers
V1364,A.K. SERVICE AND SUPPLIERS
V1064,A.S.P. Natural Resources Pvt. Ltd.
V1502,A.Sagar & Associates
V1399,AD Mission International (P) Ltd.
V1292,ADVANCE HYDRAU TECH PVT.LTD
V1297,AGRO TRADING HOUSE
V1408,AIESEC NEPAL
V1239,AMARNATH SUPPLIERS
V1422,AMBAR GAS UDHYOG
V0980,AMEI ENTERPRISES
V0990,ANANT REFRACTORY PRODUCTS PVT LTD
V1099,ANS Creation Pvt. Ltd
V1460,ANSHU MOBILE
V1386,AS Auto Enterprises
V0602,Aadarsh Offset Press
V1104,Aadya Impex Pvt.Ltd.
V0633,Aajad Arts Flex
V0601,Aajad Offset Press
V1059,Aakanchhya Enterprises
V0325,Aalam Motor Parts
V0822,Aaliya Hardware Stores
V0685,Aamata Aura Consult Pvt.Ltd.
V0006,Aanvi Trade And Suppliers
V0199,Aarav Impex
V0007,Aarohi Traders
V0200,Aarti Strips Pvt. Ltd.
V0008,Aarvi Packaging Udhyog
V0201,Aarvi Traders
V0501,Aaryan Gift & Kitchen House
V0823,Aashiyan Engineering Workshop
V1116,Aashma Trade Concern
V1500,Aayush & lalu Kirana
V0202,Abcl Suppliers Pvt.Ltd.
V0712,Abha Travel & Tours Pvt. Ltd
V0592,Access World Tech Pvt. Ltd
V0603,Ad Release Pvt.Ltd
V0294,Adarsh Temperature
V0009,Adhiraj Scrap
V1262,Aditya Enterprises Pvt. Ltd.
V0571,Aditya It Store
V0010,Aditya Traders
V0876,Aeroflon Engineers Pvt Ltd
V0690,Aerolex Nepal Pvt. Ltd.
V1299,Affinity Trading Pvt.Ltd.
V0359,Agni Incorporated Pvt.Ltd
V0842,Agro Machinery Trade Link
V0785,Aircon Nepal Incorporated
V0716,Airport Hotel Pvt.Ltd
V0800,Airtech Industries Pvt. Ltd.
V1537,Airtorq International
V0851,Ajmer Thermotech Pvt. Ltd.
V0203,Akanshka Enterprises
V1497,Akriti Advertising
V0877,Alfa Machinery Makers
V1279,Alt Shift Pvt. Ltd
V1068,Amar Engineering Work Shop
V0569,Ambar Gas Udhyog
V0773,Ambe Cement Pvt. Ltd.
V0467,Ambe Laxmi General Store
V0011,Ambe Traders & Suppliers
V0205,Ambika Traders
V0910,Ametek Instrument India Pvt Ltd
V0447,Amit Store
V0404,Amrit Dhuwani Sewa
V0538,Anand Corporates
V0206,Angel Suppliers
V0930,Anik Enterprises
V0324,Aniket Traders & Suppliers
V0207,Anil Traders
V0731,Anish Dip Boring Drilling Sewa
V0811,Anjani & Sons Enterprises
V0749,Anjani & Sons Impex
V1342,Anjani and Sons Impex Pvt.Ltd
V0996,Ankit Trading & Suppliers
V0659,Ankur Udhyog Pvt. Ltd .
V1376,Ankush Shramik Sewa Pvt.Ltd.
V0733,Ankush Suppliers
V1321,Anmol Sweet
V0839,Annapurna Cables Industries Pvt. Ltd.
V0508,Annapurna Office Supplies Pvt. Ltd.
V0932,Annapurna Pashmina IM/EX-TIA
V0208,Annapurna Steel Industries Pvt. Ltd.
V1468,Annapurna Terminals Pvt.Ltd.
V0209,Anuj Suppliers & Traders
V0210,Anup Kabadi Stores
V0314,Anushka Enterprises
V1266,Anuska Trade and Suppliers
V0411,Ap Global Logistics
V0323,Apollo International
V1130,Apollo Power System
V0789,Apsara Hardware
V0211,Aradhya Traders & Suppliers
V0570,Arihant Multi Systems
V0012,Arun Kabad Center
V1074,Arvind Enterprises
V0408,As Dhuwani Sewa
V0872,Asha Industries
V0440,Ashma Traders And Suppliers
V0322,Ashok Radiator Workshop
V0753,Ashok Steel Industries Pvt. Ltd.
V0992,Ashraf Saw Mill
V1480,Ashrit Nirman Sewa
V0873,Asia Pacific Traders
V0916,Asian Boring & Construction (P.) Ltd.
V0917,Asian Drilling Company
V0320,Assured Motors Pvt. Ltd.
V0874,Atlas Copco Airpower N.V.
V0587,Atlas Electrical And Network Solution Pvt. Ltd
V0852,Avery India Limited
V0780,Avian Weighing Corporation
V0734,Avishesh Trading & Service Suppliers Pvt. Ltd.
V1244,Ayan Pharmacy
V1252,Ayush Builders
V1487,B. G. AND SONS PVT. LTD
V0315,B.K Metachem
V1113,B.K. Agrawal & Co.
V0960,B.L. Trading Company
V1435,B.M. Bearing Sales
V1392,B.S.P.  Auto parts
V0977,BAJRANGLAL CHANDRA KUMAR
V1276,BALAJI R.M.C. HUMEPIPE POLES AND CONCRETE PVT.LTD
V1361,BALAJI SUPPLIERS
V1362,BALRAM DAS AND SONS
V1200,BHC International Pvt. Ltd.
V1410,BIKI VASTRALAYA
V1319,BISHWARAJ CONSTRUCTION
V1106,BN Industries
V0212,Baba Baidhnath Suppliers
V0213,Baba Biswakarma Scrap Kharid Bikri
V0214,Baba Shankar Traders & Suppliers
V0215,Babu Suppliers
V0216,Bachhala Devi Retrade Center
V0817,Bagmati Commercial Pvt. Ltd.
V0217,Bahadur Trade Suppliers
V0952,Baisali Hardware and Scrap Center
V0770,Bajrang Electrical Engineering Works
V0810,Bajrang Electricals & Fabricators
V1479,Bajrang Electricals and Fabricators Pvt. Ltd
V0218,Bajrang Kabad Stores
V0219,Bajrang Steels Pvt. Ltd
V1349,Bajrang Tel Bikri Kendra
V1024,Balaji Associates
V0816,Balaji Exports Imports
V0013,Balaji Suppliers
V1043,Balaji and Aradhya Traders
V0372,Balaju Auto Works Pvt.Ltd
V0824,Baniya Electrical Services Pvt. Ltd.
V0014,Banke Traders Pvt. Ltd.
V0841,Bansal Trade Suppliers
V0220,Barahi Hardware & Suppliers
V1233,Best Carriers and Logistics Pvt Ltd
V1259,Best Décor
V1060,Bhagawati Logistics Pvt.Ltd
V0748,Bhagwati Industrial Supplier
V0394,Bhagwati Logistics Pvt. Ltd.
V0402,Bhagwati Material Handling Services Pvt. Ltd.
V0755,Bhajuratna Engineering & Sales Ltd.
V0221,Bhaktapur Purnyojan Suppliers
V1374,Bhakundebeshi Oil Store Pvt. Ltd
V0015,Bhanu Trade And Suppliers
V0316,Bharat Roll Industry P Ltd
V1381,Bharatpur Oil Store
V0373,Bhartia Motors
V0442,Bhat Bhateni Super Market & Departmental Store Pvt. Ltd.
V0438,Bhawani Roadways
V0016,Bhawani Traders
V1184,Bhola Baba Kabadi Suppliers
V0017,Bholenath Scrap Centre
V0918,Bhujal Drilling & Construction Pvt. Ltd.
V0982,Bhumi International
V0875,Bhupindra Machines (P) Ltd.
V1005,Bhusal Clearing Agent
V1112,Bhusal cable and wire industries pvt. ltd
V0018,Bibek Kabadi Traders
V1090,Bibek Raj Kabadi
V0019,Bibek Scrap
V0516,Bidh Management Pvt. Ltd.
V0291,Bidhya Metal Udhyog
V0729,Bikash Construction
V0610,Bikash Media Pvt.Ltd
V0809,Bikki Enterprises Pvt. Ltd.
V0222,Bikram Traders
V1441,Biktamana Traders
V0020,Binay Kabadi Pasal & Suppliers
V1256,Binayak Store
V0223,Binayak Traders & Suppliers
V0998,Bindawashni Suplliers Center Pvt.Ltd
V0843,Binod Hardware Stores
V0573,Binod Mobile Suppliers
V1094,Binod Sah Teli ( Dairy Hub )
V1124,Bipasna Enterprises
V1383,Bipluv Motorcycle Workshop
V0374,Birendra Auto Servicing Center
V0551,Birgunj Mahanagar Palika
V0224,Birgunj Pashupati Iron And Steel Pvt. Ltd.
V0572,Birgunj Smart Computer & Toner House
V0021,Bishal Steel Enterprises
V1471,Bishesh & Company Pvt. Ltd
V0225,Bishwa Kabadi
V0022,Bishwakarma Scrap Traders
V0226,Bishwakarma Suppliers
V0227,Bishwakarma Traders & Suppliers
V0023,Bishwokarma Scrap Suppliers
V1057,Bizhub Consulting Service Pvt.Ltd
V0683,Bizworld Advisory Pvt. Ltd.
V0228,Bkc Suppliers
V0679,Blazewell Exim Pvt. Ltd.
V1207,Blue Sky Impex
V1220,Blue Sky Impex Pvt.Ltd.
V0724,Blue Star Electrical Engineering
V0871,Blue Star Engineering & Electronics Ltd.
V0024,Bolbam Iron Scrap Stores
V1515,Boudhimai Patel Trading Pvt. Ltd
V0703,Bqt Local Lunch Food
V1520,Brand Three Sixty Pvt. Ltd.
V1278,Brand Worth Pvt. Ltd
V0657,Bravo Sponge Iron Pvt. Ltd.
V1369,Brothers And Sons Suppliers Private Limited
V0609,Bs Printing Support
V0492,Bs Traders
V0955,Buddha Air Pvt. Ltd.
V0660,Bunty Overseas Pvt. Ltd.
V0065,Bureau of Indian Standards
V1353,Byahut Liquors
V1315,C And K Scrap Suppliers
V1255,CEMMAX ENTERPRISES
V1272,CG POWER AND INDUSTRIAL SOLUTIONS LIMITED
V0978,CHANDANBALA INTERNATIONAL
V1071,CIVIL HEALTH SERVICE PVT.LTD
V0933,CME Engineering Pvt. Ltd.
V1251,CMTC METALLURGICAL INDIA PVT LTD
V0993,COMPARTS SOLUTION
V1270,CONCAST TECHNO ENGINEERING
V1483,CRYOCORP O2 LLP
V0313,Calderys India Refractories Limited
V0611,Capitaleye Pvt. Ltd.
V0869,Cardan Shaft India
V1275,Carpenters Stop Pvt. Ltd.
V0025,Cbc Enterprises
V1312,Central Material Testing Lab (TU)
V0535,Chandan Mal Biu Store
V1346,Chandani Oil Pvt. Ltd
V0999,Chaudhary Enterprises
V1031,Chaudhary Tyre
V0694,Chaulagain N. & Associates Chartered Accountants
V0737,Chaurasiya Labour Suppliers Pvt. Ltd.
V1522,Chhaya Devi Complex Ltd
V0604,Chitra Sign
V0229,Chitwan Sahara Hardware Pvt. Ltd.
V0326,Churiyamai Earthmoving Electricals
V0480,Churiyamai Kitchen Suppliers
V0620,Civil Engineering Students Society Nepal
V0413,Cj Darcl Logistics Limited
V0026,Classic Package Pvt. Ltd.
V0711,Classic Plaza Hotel Pvt. Ltd.
V0230,Clean City
V1538,Cloud IT Solution
V1416,Complete Suppliers Pvt. Ltd.
V0867,Comtech Engineers & Consultants ( P ) Ltd.
V0868,Concast Pvt. Ltd. ( India )
V0973,Continental Belting Pvt.Ltd
V0371,Continental Service Pvt. Ltd.
V0911,Cotmac Electronics Pvt Ltd
V1379,Crayons Corp pvt. Ltd
V1462,Creative Studio
V0959,Crystal Controls Pvt. Ltd.
V0539,Cs International
V1182,Custom Office Bhairahawa
V1125,Custom Office Birgunj
V1126,Custom Office Birgunj  Dry Port
V1183,Custom Office TIA
V0499,D.B. Helmet House
V0661,D.B. Machine Tools Pvt. Ltd.
V1419,D.C.A. Nepal Traders
V1318,D.K. Carrier Service
V1352,D.S. Dhuwani Sewa
V1455,DAWANYA DEVI OIL STORES
V0953,DELUXE INDUSTRIAL GASES
V1257,DHL Express Nepal Pvt. Ltd
V0410,DO not use Samridhi Dhuwani Sewa
V1075,DTDC Express Limited.
V0403,Danfe Logistics Company Pvt. Ltd.
V1328,Dayanand Traders
V0231,Ddt Trading
V0312,Deem Roll Tech Ltd
V1073,Deep Road Carrier
V0524,Deepak Time Center
V1289,Deewa Enterprises
V1393,Delta Motor Works Pvt. Ltd
V1235,Deputa International Company Pvt.Ltd.
V0865,Deskco Furniture
V0027,Devi Traders & Suppliers
V0232,Devikripa Hardware Pvt. Ltd.
V0233,Dhanlaxmi Impex & Trading Company Pvt. Ltd.
V0234,Dhanraj Traders
V1216,Dharmendra Traders and Suppliers Pvt.Ltd.
V0327,Dipu Motor Parts
V0235,Divya Ananya Concern
V0514,Divyan Traders & Suppliers
V0236,Dk Construction
V0035,Do not use Himakashi Enterprises
V1413,Dolakha Chamber of Commerce and Industry
V1042,Dollar Nirman Sewa Pvt.Ltd
V1013,Dream Home Furniture
V0922,Dreams Service & Supply Pvt. Ltd.
V0699,Dreams Taj Bistro & Hostelry
V1089,Dristee Decoration Pvt. Ltd
V0498,Durga Engineering Workshop
V0028,Durga Maruti Suppliers
V0237,Durga Pulps Pvt. Ltd.
V1015,Durga Steel Industries Pvt.Ltd
V1358,E.V. Network Pvt. Ltd.
V1424,EAGLE QUENCHING & TEMPERING SYSTEM
V1301,EASUN MR TAPCHANGERS PRIVATE LIMITED
V1490,ECO POWER SOLUTIONS PVT LTD
V1212,ELITE STEELS PRIVATE LIMITED
V1185,EVEREST TR LOAN -NPR
V1186,EVEREST TR LOAN -USD
V1343,East Central Railway
V0482,East Management And Engineering Service Pvt. Ltd
V0864,Eastern Bearings Pvt. Ltd.
V0715,Easy Communication
V0238,Eklavya Traders
V0792,Electronic Plaza
V0662,Eloquent Steel Pvt. Ltd.
V1508,Energy management Pvt Ltd
V0588,Escan Nepal
V0818,Eureka Trading House Pvt. Ltd.
V0329,Euro Automotive Pvt. Ltd.
V1499,Everest Clearing House
V0704,Everest Hospitality And Hotel Ltd
V0288,Everest Parenterals Pvt. Ltd.
V0001,Everest Sugar & Chemicals Pvt. Ltd.
V0328,Everest Trade & Suppliers
V1396,Evergreen Suppliers Pvt.Ltd
V0713,Exotic Adventures Tours And Travels Pvt. Ltd.
V1440,F One Solution Pvt. Ltd.
V0370,Fa &Sons Auto Pvt. Ltd.
V0934,Fairdeal Medical Stores Pvt. Ltd.
V0644,Famous Art & Advertising
V1521,Ferrite Metal Solutions Pvt Ltd
V0330,Fewa Auto Parts
V1519,Fistel Liquor
V0239,Fortune Steel Impex Pvt. Ltd.
V1402,Four Wheel Alignment Tyre Center
V0743,Fra Engineers
V1230,Fresh Rush Beverage Pvt. Ltd.
V0240,Friendship Prabhu Suppliers
V1486,Frontline Consult Pvt. Ltd
V0686,Frox Job Pvt. Ltd.
V0744,Fuji Gemco Pvt. Ltd.
V0452,Fun & Fun
V1265,G Four Junk Yard Center
V1325,G.R. Liquors Suppliers
V1472,G.S. Trading
V0727,G4S Security Services Nepal Pvt. Ltd.
V1019,GANPATI POWER SYSTEM & SOLUTIONS
V1429,GIRI-TECH SYSTEMS PVT LTD
V1431,GIRI-TECH SYSTEMS PVT LTD
V1097,GPT CASTINGS LIMITED
V1018,GRIND CHEM
V1409,GRIPHOLD ENGINEERING PVT LTD
V1209,Gadhimai Scrap House
V1027,Gahawamai Enterprises
V0529,Gahwamai Kitchen Suppliers
V1395,Gamala Ghar Pvt. Ltd
V1469,Ganapati Logistics
V1077,Ganapati Scrap Center
V0029,Ganesh Trade & Suppliers
V0745,Ganesh Welding Workshop
V0719,Ganga Suppliers
V0834,Gani Husain Suppliers And Construction Pvt.Ltd.
V0575,Ganpati Airconditioner Services
V0723,Ganpati Nirman Sewa
V1002,Ganpati Shramik Sewa Pvt. Ltd.
V0718,Garud Securities Pvt. Ltd.
V0574,Garun Incorporate Pvt. Ltd.
V0956,Gaushiya Paint Pasal
V1360,Gautam Hotel Bardibas Pvt. Ltd.
V1197,Gayatri Nishan Two Wheelers Pvt. Ltd.
V0641,Gdp Nepal Media Pvt.Ltd.
V0645,Geeta Mandir Photo Centre
V1518,Giftmandu Nepal Pvt. Ltd
V0331,Ginni & Sons
V0333,Ginni Motors
V0663,Giridhan Metal Pvt. Ltd.
V0761,Glass Guard
V0692,Global Construction Consultants Pvt. Ltd.
V0332,Global Infrastructure Initiative Pvt. Ltd.
V1245,Global Tech Nepal
V1485,Godavaritech industrial solution Pvt. Ltd
V1371,Godawari Oil & Lubricants Pvt Ltd
V0705,Golden Eye Party Palace Restaurant & Lodge
V1478,Good Goods Orbit Pvt.Ltd.
V0369,Gorkha Metal Udyog
V1453,Gorkhapatra Corporation
V1411,Govind Transport Company
V0311,Goyal Enterprises
V0293,Goyal Ispat Pvt. Ltd.
V0706,Greasy Spoon Restaurant
V0505,Green Hill Nursery
V1359,Gusingal Motorcycle Service Center Pvt. Ltd.
V0866,H & P Corporation ( India )
V0030,H Raz Enterprises
V1051,HI-TECH AUTOMATION
V1382,HIMAL AUTO TRADERS
V1377,HIMALAYA ENTERPRISES
V0958,Hajurlai Namaste Trade Link Pvt.Ltd
V0241,Hama Iron & Steel Indusries Pvt. Ltd.
V0395,Hamro Dhuwani Sewa
V1201,Hamro Himali Dhuwani Sewa
V1423,Hamro Tyre and Tube House
V1397,Hanuman Kawadi Traders
V0031,Har Har Mahadev Traders
V1096,Harishankar Placement Services Pvt. Ltd.
V0032,Hassam Iron
V0845,Heavy Equipment Traders
V1461,Hello Beema Pvt.Ltd
V0760,Hg Ent. Pvt. Ltd.
V0416,Hgl Global Logistics
V0414,Hgl Worldwide Logistics
V1115,HillTake Industries Pvt.Ltd
V0197,Himakashi Enterprises
V1417,Himal Iron & Steels Pvt. Ltd.
V1034,Himal Logistics and Cargo Nepal Pvt. Ltd.
V0700,Himal Water Park & Village Hotel Pvt. Ltd.
V0446,Himalaya Enterprises
V0002,Himalaya Sugar Mill Ltd.
V1273,Himalayan Solutions
V1370,Himanchuli Interior Suppliers
V0540,Hind Agencies
V0415,Hind Global Logistics
V0309,Hindustan Gear Tech Pvt. Ltd.
V0310,Hitech Industries Co.Ltd.
V0593,Hitech Solutions & Services P. Ltd
V0863,Hollteck India Guides Pvt. Ltd.
V1367,Hotel Barahi Pvt. Ltd
V0707,Hotel Diyalo Pvt. Ltd.
V1065,Hotel Ichchha Pvt. Ltd.
V0708,Hotel Intourist Palace
V1012,Hotel Makalu Pvt. Ltd.
V0709,Hotel Pujan Pvt. Ltd.
V1286,Hotel Royal Airport Pvt. Ltd
V0710,Hotel Shrestha Residency Pvt. Ltd.
V1083,Hotel Siraichuli Pvt. Ltd.
V0242,Hp Trade & Suppliers
V1503,Hugli Enterprises Pvt. Ltd
V0765,Hyonjan Electrical Engineering Fabricator Pvt.Ltd
V1335,I.K Steel Furniture Udhyog
V0935,ICRA Nepal Limited
V0076,IGI Prudential Insurance Ltd.
V0360,IME Automotives Pvt. Ltd.
V1474,INA Center Nepal Pvt. Ltd
V1529,INDUCTION MELTING SOLUTIONS PRIVATE LIMITED
V1463,INDUSTRIAL AUTOMATION AND ENGINEERING PVT. LTD.
V0983,INDUSTRIAL IT SOLUTIONS PVT.LTD
V1284,INFRATECH PVT.LTD
V1457,ION EXCHANGE (INDIA) LTD
V0950,IT Trade Exim
V1473,Ice Fall Hub Pvt. ltd
V0682,Ideal Cargo and Courier Pvt. Ltd
V0585,Idream Technologies P. Ltd.
V0594,Ims Smart Pvt. Ltd.
V0334,Imtiaz Motorcycle Reparing Workshop
V0511,Indhri Group Pvt. Ltd.
V0861,Indian Stores Supplying Co. Pvt. Ltd.
V0702,Indreni De Cafe Pvt. Ltd
V1260,Indreni Suites Hotel Pvt. Ltd
V0862,Inductotherm India Pvt. Ltd.
V0541,Induja Engineering Services P. Ltd.
V1506,Industrial Investment pvt Ltd
V0243,Infinity Lines Trading
V1228,Infomerics Credit Rating Nepal Ltd.
V0967,Infosoft Computer & Service Pvt. Ltd.
V0695,Insight Law Chamber
V1199,International Certification Services Pvt. Ltd.
V0586,International Electronics Concern P. Ltd.
V0417,Ip Roadlines Pvt. Ltd.
V0893,Isc Machines Pvt Ltd
V0860,Isc Processors Pvt. Ltd.
V0591,Itech Office Support
V1526,J.B. Tailors
V0964,J.S. Trade Link Pvt.Ltd
V1375,JANTA OIL
V1378,JAY AMBE STEELS LTD
V1373,JAY MARKET CREATORS P.LTD
V0825,JC Exims Pvt. Ltd.
V0832,JC Readymix Concrete Udhyog
V1388,JINAN DXTECH CNC MACHINE CO LTD
V0949,JMD OVERSEAS
V0732,Jafraj Construction
V0974,Jagadamba Suppliers
V1072,Jagadamba Transport Agency
V0820,Jagdamba Concreto Pvt. Ltd.
V0802,Jagdamba Enterprises Pvt. Ltd.
V0794,Jagdamba Motors Pvt. Ltd.
V0033,Jagdamba Recycling Pvt. Ltd.
V0245,Jagdamba Retailers Pvt. Ltd.
V1020,Jagdamba Spinning Mills Ltd.
V0751,Jagdamba Steels Ltd.
V0972,Jagdamba Synthetics Pvt.Ltd
V0319,Jai Ambe Minerals
V0522,Jai Balaji Jewellers Pvt. Ltd.
V0335,Jai Bishnu Body Builders
V0246,Jai Shiv Bhole Stores
V1433,Jai Shree Krishna Traders Pvt.Ltd
V0247,Jaishwal Scrap Pasal
V0295,Jajoo Exim Pvt. Ltd.
V0833,Jakson Enterprises Nepal Pvt. Ltd.
V0248,Jaljala Builders & Infrastructure Pvt. Ltd.
V0249,Janak Traders
V0590,Janaki Technology Pvt. Ltd
V0968,Janki Labours Suppliers Pvt. Ltd.
V0576,Janta Telitime Traders
V0696,Jasmine Apartment Hotel Pvt. Ltd.
V0986,Jay Ambe Trade Concern
V1063,Jay Baba Bishwakarma Enterprises
V0450,Jay Baba Cotton Dust
V1055,Jay Balaji Trade Link Suppliers
V1313,Jay Bhawani Trading
V0386,Jay Durga Transport
V0095,Jay Durge Traders
V0244,Jay Hanuman Baba Suppliers
V0250,Jay Hanuman Trade Enterprises
V0251,Jay Hanuman Traders
V0096,Jay Jagdamba Hardware & Suppliers
V1398,Jay Janata International Pvt. Ltd.
V0097,Jay Janki Trade
V1527,Jay Jindnamata Bastralaya
V0252,Jay Kalimata Stores
V0098,Jay Ma Ambe Traders & Suppliers
V0099,Jay Ma Bani Traders Pvt. Ltd.
V0100,Jay Ma Bhagwati Traders
V0253,Jay Ma Bhawani Center
V0254,Jay Ma Durga Traders
V1129,Jay Ma DurgeTraders Pvt.Ltd.
V0101,Jay Ma Laxmi Suppliers
V0255,Jay Ma Shakambhari Pvt. Ltd.
V1338,Jay Maa Ambe Mobile Center
V0102,Jay Maa Baishno Scrap Centre
V0256,Jay Maa Suppliers
V0103,Jay Maa Taradevi Scrap
V0257,Jay Maa Vaishanavi Trading Pvt. Ltd.
V1308,Jay Mahadev Traders
V0104,Jay Maruti Suppliers
V0258,Jay Mata Baishno Devi Scrap Center
V0847,Jay Mata Di Baluwa Prasodhan Udhyog
V0259,Jay Mata Di Scrap & Suppliers
V0105,Jay Mata Di Traders
V1007,Jay Matarani Suppliers
V0397,Jay Narayani Fulltrip
V0808,Jay Nepal Multibusiness P. Ltd.
V0481,Jay Nepal Tent House
V1514,Jay Shakti Enterprises
V0106,Jay Shree Gautam Suppliers
V0963,Jay Shree Ichhya Furniture Udhyog
V0107,Jay Shree Krishna Suppliers
V0260,Jay Shree Krishna Traders
V1078,Jay Shree Ram Oil Enterprises
V0003,Jaya Maa Vaishanavi Trading Pvt. Ltd.
V1507,Jayanti Energy Pvt Ltd
V0108,Jayaram Baba Bishwokarma Suppliers
V0697,Jaydeeb Canteen & Catering
V0418,Jayesh Logistics Pvt. Ltd.
V0261,Jayshwal Traders
V0736,Jc Builders Pvt. Ltd.
V0109,Jha Kawadi Sankatan Kendra
V0296,Jharkhand Grind Chem Pvt. Ltd.
V0463,Jhs Analytic Traders
V0566,Jindal Lube Tech Pvt. Ltd.
V0262,Jnj Traders
V1434,Jonathan Suppliers Pvt Ltd
V0518,Jss Life Science Pvt. Ltd.
V1532,Jugad Innovation
V0787,Jyoti Shree Nepal Pvt. Ltd.
V0110,Jyoti Traders
V0584,K-Link Computer Support & Services
V0454,K. Traders
V1336,K.R.N. Labour Suppliers Pvt.Ltd
V1363,KABIR MINERALS
V0989,KAPSTEC
V1465,KAVITSU TRANSMISSIONS PRIVATE LIMITED
V1366,KI TRANSPOWER PRIVATE LIMITED
V0946,KRISHAN SALES CORP
V0111,Kabadi Store
V0263,Kabila Supplier Center
V0264,Kalika Traders
V0112,Kalika Traders & Suppliers
V0113,Kalika Trading
V0997,Kalimai Traders Pvt Ltd
V1394,Kamakhya Decor Pvt. Ltd.
V1210,Kamaladi Lime and Minerals Pvt. Ltd.
V0640,Kamana News Publications Pvt.Ltd
V1069,Kamana Traders
V1122,Kamlamohan International Pvt.Ltd
V1052,Kanchan Home Decor Suppliers
V1029,Kantipur Electronics Concern
V1456,Kantipur Glass Centre
V0388,Kantipur Nepal Transport Pvt. Ltd.
V0462,Kaptan Husen Workshop
V1391,Karan Skill Service Pvt. Ltd.
V0265,Karden Trade
V1107,Karemate Global Solution
V0552,Kathamandu Ma.Na.Pa.-Ward No.32
V1427,Kathmandu Auto Suppliers Pvt. Ltd.
V0266,Kathmandu Impex
V1084,Kathmandu Machinery
V1525,Kathmandu Nepal Pvt. Ltd
V0510,Kathmandu Trade Concern Pvt. Ltd
V0879,Kathuria Roll Mill Pvt. Ltd.
V0880,Kathuria Techmech Pvt. Ltd.
V1091,Katyani Chandi Suppliers
V0114,Kaushal Traders & Suppliers
V1100,Kaushara Dhuwani Sewa
V0409,Kc Dhuwani Sewa
V0368,Kesharichand Bhanwarlall
V1203,Khalsa Road Lines
V0756,Khandelwal International Impex
V1066,Khatu Shyam Trading
V0267,Kishan Hardware & Suppliers
V0115,Kishan Trade & Suppliers
V0473,Kishan Traders
V0878,Kje India Pvt. Ltd.
V0517,Koala Trade International Pvt. Ltd.
V0419,Kontakt Express Service
V0116,Krishna Pasal
V1513,Krishna Prasad Pradhan
V0268,Kriti Traders & Suppliers
V1307,Kriyansh Traders
V0506,Kuber Engineering Works
V0269,Kumar Traders & Suppliers
V1131,Kunal Traders
V1331,Kunkun Suppliers
V0775,Kushwaha Fabricator And Electrical Workers Suppliers Pvt. Ltd.
V0491,L.I Auto Services Pvt. Ltd.
V1095,LAWATHERM FURNACE PRIVATE LIMITED
V1132,LC:22523LS00701
V1135,LC:23DC01INR036844
V1139,LC:23DC01INR036844
V1138,LC:23DC01INR037360
V1152,LC:23DC01INR039468
V1133,LC:23DC01USD035230
V1134,LC:23DC01USD036619
V1136,LC:23DC01USD037361
V1137,LC:23DC01USD037361
V1140,LC:23DC01USD037361
V1143,LC:23DC01USD037361
V1141,LC:23DC01USD037564
V1142,LC:23DC01USD037564
V1147,LC:23DC01USD037564
V1148,LC:23DC01USD037564
V1150,LC:23DC01USD037564
V1151,LC:23DC01USD037564
V1144,LC:23DC01USD037847
V1145,LC:23DC01USD037847
V1146,LC:23DC01USD037847
V1149,LC:23DC01USD037847
V1163,LC:23DC01USD038445
V1162,LC:23DC01USD038994
V1153,LC:23DC01USD041467
V1154,LC:23DC01USD041467
V1155,LC:23DC01USD042076
V1164,LC:23DC01USD043664
V1165,LC:23DC01USD044701
V1166,LC:24DC01USD046507
V1181,LC:988ILCS81USD0254
V1178,LC:998ILCS81USD0153
V1179,LC:998ILCS81USD0225
V1180,LC:998ILCS81USD0241
V1167,LC:ILC903798002171
V1168,LC:ILC903798002171
V1169,LC:ILC903798002171
V1170,LC:ILC903798002171
V1171,LC:ILC903798002171
V1172,LC:ILC903808100226
V1173,LC:ILC903808100240
V1174,LC:ILC903808100755
V1176,LC:ILC903808101033
V1175,LC:ILC903808101055
V1177,LC:ILC903808101082
V1156,LC:P00121S459290
V1157,LC:P00121S511890
V1158,LC:P00121S511890
V1159,LC:P00121S511890
V1160,LC:P00121S511890
V1161,LC:P00121S511890
V1505,Laddu Gopal Trade And Suppliers
V0336,Lalbabu Motorcycle Workshop
V0478,Lalu Kirana
V1103,Lama Trade Concern Enterprises
V0531,Laundry Service.Com
V0527,Laxmi & Gadhimai Kitchen Store
V0117,Laxmi Mai Traders
V1004,Laxmi Steels Limited
V0858,Lechler (India) Pvt. Ltd.
V0857,Leistertech Project India Pvt Ltd
V0381,Li Quick Services Pvt.Ltd
V1117,Liaoning Mineral And Metallurgy Group Co. Ltd
V1354,Lithobuilt Co. Ltd
V0599,Lucky Electonics
V1108,Lumbini Trade Store
V1009,M.A.W Engineering Pvt. Ltd.
V1242,M.A.W. Petro Products Pvt.Ltd
V0970,M.D HITECH
V0118,M.S.Suppliers
V1539,MAA ANNAPURNA TRANSPORT AGENCY PVT LTD
V1188,MACHHAPUCHHRE TR LOAN -USD
V1187,MACHHAPUCHHRE TR LOAN-NPR
V1420,MACHINE TOOLS CENTRE
V1234,MAGNUM COAL PVT.LTD
V1093,MAHABALA INTERNATIONAL
V1269,MAKPOWER TRANS SYSTEMS PRIVATE LIMITED
V0936,MB Traders & Suppliers
V1067,MEDIKO Life Sciences (P) Ltd.
V1236,MEHI POWER TRANSFORMERS
V1258,METTLER-TOLEDO INDIA Pvt.Ltd
V1314,MICRO HEAT
V0664,MLU METALIKS PRIVATE LIMITED
V1277,MLU OVERSEAS PVT.LTD
V1304,MNBC Pvt. Ltd
V0961,MOVAC OVERSEAS
V1533,MUKTINATH METAL UDHYOG
V0119,Ma Ambe Traders
V0270,Ma Baishno Traders & Suppliers
V0271,Ma Bhagwati Suppliers
V0612,Ma Bindawasini Books & Stationery
V0120,Ma Chandeshwori Scrap Center
V0121,Ma Laxmi Traders
V0272,Ma Shakambhari Traders
V0122,Ma Shanti Trade & Suppliers
V0984,Ma shakambari Enterprises
V0273,Maa Bhawani Recycling Pvt. Ltd.
V0123,Maa Gadhimai Trader & Suppliers
V0678,Maa Gayatri Medical Hall
V1237,Maa Manokamana Enterprises
V0274,Maa Sakambari Trade Concern
V1347,Maa Sharda Enterprises Pvt Ltd
V0275,Maa Sita Suppliers
V0276,Maa Sonasati Kawad Stores
V0646,Maa Vaishnavi Art
V1387,Maas Planet I.T. Traders
V0758,Macto Spares Concern
V0520,Madhav International Pvt. Ldt.
V0560,Madhu Oil Enterprises
V0561,Madhu Oxygen Industries Pvt.Ld
V0124,Maha Shakti Traders & Suppliers
V1016,Mahadev Power Solutions Pvt.Ltd
V1022,Mahakali Clearing Services
V1317,Mahalaxmi Paint Traders
V0796,Mahavir Agency
V0784,Mahavir Machinery Stores
V0804,Mahavir Power System
V0630,Main Media Pvt.Ltd
V1501,Majhi Traders
V0497,Makalu Soap & Chemical Industries Pvt. Ltd.
V0969,Makwanpur Heavy Equipment Workshop
V1332,Makwanpur Trade Link Pvt.Ltd
V1241,Malashree Motors (P). Ltd.
V0512,Malika Home Art Pvt. Ltd.
V1271,Manakamana Logistic Pvt. Ltd.
V0277,Manakamana Mai Scrap Centre
V0125,Manakamna Kawad Suppliers
V0392,Manakamna Transport
V0550,Manasi General Suppliers
V1380,Mangalam Dhuwani Sewa
V0829,Manglam Electric Workshop
V1085,Mani Electric and Hardware Stores
V0859,Manju Enterprises
V0126,Mankamana Kabadi Packing Udhyog
V0562,Manoj Gas Udyog P Ltd
V0367,Mansur Tyre Repairing Center
V0629,Maruti Flex Print
V0714,Maruti Nanda Tours & Travels Pvt. Ltd.
V1337,Maruti Nandhan Hardware And Skrap Suppliers
V1040,Matin Softech
V0782,Maw Earthmovers Pvt. Ltd.
V0337,Maxx Auto Pvt. Ltd.
V1535,Mechi Civil Engineering Laboratory Pvt. Ltd.
V0856,Mechnox Engineering Solution
V0631,Media Basket & Marketing
V0613,Media Hub Pvt.Ltd
V0614,Media Master Concept Pvt.Ltd
V0471,Mega Mart Pvt. Ltd.
V0582,Mercantile Office Systems Pvt. Ltd.
V1202,Metal Work Trade Pvt.Ltd.
V0981,Metals Cast Pvt.Ltd
V0461,Mga International Pvt. Ltd.
V0698,Mijbaani Sweet
V0396,Milijuli Dhuwani Sewa
V1264,Misika Enterprises
V0127,Mnv Suppliers
V1032,Mo.Alam Engineering Workshop And Suppliers
V0298,Module Enterprises
V0278,Mohan Hardware
V0632,Mom Nepal Media Pvt.Ltd
V0735,Momina Piling Services
V1452,Mortex (International)
V0297,Mortex India
V0299,Movac Industries
V0289,Mrs Traders
V0746,Ms Trading International
V1512,Mukesh Boring Sewa
V0279,Mukesh Trade & Suppliers
V0483,Multi Lab Pvt.Ltd
V0341,N Car Decoration Center
V1495,N P SYNDICATE
V0280,N.N. Traders And Suppliers
V1006,N.S Engineering and Geo- Technical ServicesPvt. Ltd.
V1189,NABIL TR LOAN -NPR
V1190,NABIL TR LOAN -USD
V1436,NEPAL SAFETY CENTRE PVT.LTD
V1530,NISSAKU COMPANY (NEPAL) PVT. LTD
V1250,NSBI TR LOAN - USD
V1191,NSBI TR LOAN -NPR
V0281,Nag Traders
V0361,Namaste Cranes And Trades Pvt. Ltd.
V0581,Namaste Infotech Pvt. Ltd.
V1231,Namo: Buddha Motorcycle Workshop
V0282,Nand Scrap Center
V0283,Nandan Krishna Traders Pvt. Ltd.
V1211,Nandu Trade Store
V1488,Narayan Dhuwani Sewa
V0342,Narayani Auto Suppliers
V0343,Narayani Denting Painting Auto Work Shop
V0284,Narayani Electro Mechanic & Krishi Aujar Udhyog
V0605,Narayani Fm 103.8 Mhz
V0788,Narayani Ispat Pvt. Ltd.
V0752,Narayani Rolling Mills Pvt. Ltd.
V0771,Narayani Steels Pvt. Ltd.
V0813,Narayani Strips Pvt. Ltd.
V0366,Narayani Tyre House
V0493,Narayani Vayodha Hospital Pvt. Ltd.
V0129,National Suppliers
V0285,National Traders &  Suppliers
V0130,Nav Durga Re Trade Centre
V0131,Nav Durga Traders - Gaidakot
V0286,Nav Durga Traders- Chitwan
V0595,Ncell Pvt. Ltd.
V0767,Neha And Atul Impex
V0580,Neo Software Pvt. Ltd.
V1384,Neoteric Nepal Pvt. Ltd
V0801,Nep Tech Trade Concern
V0338,Nepal Auto Parts
V0844,Nepal Battery Workshop
V1498,Nepal Can Move Pvt. Ltd
V0362,Nepal Car Decoration Center
V0037,Nepal Casting Udhyog
V0196,Nepal Clearing House Limited
V1204,Nepal Concrete Udhyog
V0757,Nepal Construction & Engineering Corporation Pvt. Ltd.
V0937,"Nepal Doorsanchar Company Ltd.,"
V0553,Nepal Electricity Authority
V0486,Nepal General Marketing Pvt. Ltd.
V0848,Nepal Heavy Electric Works
V1283,Nepal Heavy Electrical And Mechanical Works
V0676,Nepal Insurance Company Ltd
V0837,Nepal Ion Exchange Pvt. Ltd.
V0422,Nepal Logistics
V1050,Nepal Logistics Pvt. Ltd.
V0563,Nepal Lube Oil LTD.
V1294,Nepal Marble & Sanitation Pvt. Ltd
V1285,Nepal Media Techology Pvt. Ltd.
V0423,Nepal Roadways Co.
V0132,Nepal Trade Link
V1280,Nepal Transit And Warehousing Company Ltd.
V0363,Nepal Tyre Center
V0754,Nepal Wires & Cables Pvt.Ltd
V1355,Nepoland Multipurpose Pvt.Ltd
V0766,Neupane Engineering Pvt. Ltd.
V0957,Neupane Tower
V0577,New Aditya Store
V0472,New Apsara
V0564,New Ashraf Diesel Service
V0387,New Asish Carrier
V0004,New Bachhaladevi Suppliers
V1333,New Bhairab Carriers
V0038,New Bishwash Traders
V0750,New Chitwan Hume Pipe Udhyog Pvt. Ltd.
V0459,New Hello Sir
V0881,New India Electricals Limited
V0133,New Khushi Marketing
V0468,New Lalit Enterprises
V0134,New Laxmi Suppliers
V0790,New Maa Vaishno Enterprises
V0135,New Mahalaxmi Traders
V0449,New Mahavir Vastralay
V0739,New Moktan Traders
V0923,New Movers Logistics
V0384,New Narayani Dhuwani Sewa
V1492,New Navnit Carrier
V0136,New Neha Overses
V1404,New Nepal Customs And Clearing Serviceses
V1425,New Nepal Dhuwani Sewa
V0466,New Pappu Kirana
V0039,New S.K Suppliers
V0460,New Sandip Cycle And Electricals
V0924,New Sharma & Sharma Clearing Agency
V0339,New Shree Krishna Automobiles
V0448,New Star Decor
V0137,New Sumit Traders & Suppliers
V0457,New Tech Controls
V1541,New Vendor
V0036,New chitwan sajawot
V0882,Newton Enviro Engineering
V0618,Nexgen Digital Press Pvt. Ltd.
V0040,Nexgen Realstate & Housing Pvt. Ltd.
V1225,Niharika Suppliers Pvt.Ltd
V0138,Nilkanth Traders Suppliers
V0589,Nimble Infosys Pvt.Ltd
V0041,Niraj General Suppliers
V0139,Niranjan Traders & Suppliers
V1400,Nirman Samagri Hardware Pardasani-2081
V0421,Nirwan Logistics
V0042,Nisha Trade Suppliers
V0043,Nitesh & Aakash Traders
V0044,Nitesh & Bikash Traders
V0045,Niwas Traders Pvt. Ltd.
V0393,Nk Logistic Service Pvt.Ltd
V0340,Noor Nesa Tyre Kharid Bikri Center
V0424,North Eastern Carrying Corporation Limited
V0638,Nts Media Service
V0883,Nuhydro Automation Product
V0519,O.S.R Traders Pvt. Ltd
V1128,OM KRISHI BEEJ BHANDAR
V1010,ORANGE TECHWORTH SOLUTIONS
V0994,ORISSA ALLOY STEEL PVT.LTD
V1450,ORISSA METALIKS PVT.LTD
V1288,ORISSA STEEL & POWER PVT.LTD
V0290,Ocean Plastic Industries
V1326,Oliz Store Pvt. Ltd
V0639,Om Advertising
V0140,Om Ambe Scrap Store
V0344,Om Earth Moovers Pvt. Ltd.
V0141,Om Ganapati Traders
V0142,Om Garima Traders
V0046,Om Iron Traders
V0642,Om Mata Di Suppliers
V0047,Om Namah Shivay Suppliers
V0143,Om Namah Shivay Traders
V1127,Om Sai Trade Link
V0048,Om Sai Traders And Suppliers
V0828,Om Satyasai Pvt.Ltd
V0390,Om Shakti Dhuwani Sewa
V0144,Om Shree Shakti Traders
V1263,Om Shreesai Trade Link
V0145,Om Suppliers
V0146,Om Trade And Suppliers
V0049,Om Traders
V0884,Omex International
V0147,Omkara Suppliers Pvt. Ltd.
V0148,Omkara Trading Pvt. Ltd.
V0938,Omni Automobiles Pvt. Ltd.
V0554,Omni International Pvt. Ltd.
V1070,Omshakti Suppliers
V0628,Online Kendra Media Pvt.Ltd
V0521,Online Samagri Pvt.Ltd
V0643,Onlinekhabar Nepal Pvt. Ltd.
V1467,Orange Ball Pvt. Ltd
V0542,Oremet Alloys And Castings Pvt. Ltd.
V0543,Oriental Enterprises
V0772,Osmium & Company Pvt. Ltd.
V0475,Out Door Mart
V0476,P & P Traders
V1247,P. Regmi & Associates
V0502,P.N.R Décor & Design Pvt Ltd
V1309,P.R.C. Logistics and Warehousing Pvt. Ltd.
V1323,P.R.D. Enterprises
V0050,P.S And Sons Enterprises Pvt. Ltd.
V1350,PARMAR ENGINEERING ENTERPRISE
V1046,PARTH EXIM PVT.LTD
V1045,PARTH EXIM PVT.LTD
V1238,POSITRON ENGINEERING CORPORATION
V1192,PRABHU TR LOAN -NPR
V1193,PRABHU TR LOAN -USD
V0616,PRINT POINT
V0149,Pacific Construction & Consultancy Pvt. Ltd.
V0885,Paharpur Cooling Towers Limited
V1121,Pahunch Legal Concern Pvt. Ltd.
V0886,Pal Electric & Engg. Works
V0777,Pal Engineering Trade Centre
V0887,Paltech Cooling Tower & Equipments Ltd
V0150,Palvy Suppliers
V0888,Pan Asia Gas Technologies ( Wuxi ) Co. Ltd.
V0988,Pandey Printing Press
V1219,Param Dham Scrap Pvt.Ltd.
V0819,Paras Electricals
V0889,Paras Polycab Pvt. Ltd.
V0939,Parsa FM Pvt. Ltd.
V0439,Partani Soap & Silicate Industries
V0634,Paschimanchal Advertising
V0565,Pashupati Diesel Service
V0763,Pashupati Electric House
V0836,Pashupati Hardware Pvt. Ltd.
V0051,Pashupati Kawad Suppliers
V0398,Pashupati Road Carrier Nepal Pvt. Ltd.
V0925,Pashupati Road Carrier Pvt. Ltd.(India)
V1118,Paso Fiber Sheet and Metal Industry Pvt.Ltd.
V0555,Patel Oil Center
V0721,Pathivara Construction
V0720,Pawan Construction
V0443,Pawan Glass House
V0835,Pawan Kumar International Pvt. Ltd.
V1543,Payroll Clearing Vendor
V1536,Peoples Auto Enterprises
V1481,Perfect Electrical & Mechanical Work
V0617,Pesa Ad
V0740,Pg Builders & Suppliers Pvt. Ltd.
V0689,Pk & Associates
V0345,Pk Air Brake Repairing Center
V0774,Pk Cycle Stores
V0995,Platinum Marketing Pvt.Ltd
V1021,Pokhrel Enterprises
V0485,Poonam Arts
V1079,Powergen Technical Services Pvt.Ltd
V0909,Powerplus Technologies India Pvt. Ltd.
V0504,Powertech Interprises
V0385,Pp Dhuwani Sewa
V0151,Pr Trading
V0742,Prabhash Construction
V0850,Pradhan Trade Concern
V1290,Pranish Construction
V1037,Pranjal Roadways Pvt. Ltd.
V0441,Prashant Overseas
V0730,Pratyush Nirman Sewa
V0152,Prayash Solution And Builders Pvt. Ltd.
V0812,Premier Bearings (Nepal) Pvt. Ltd.
V0908,Premier India Bearings Ltd.
V0153,Premier Steel P Ltd
V0797,Prime Cable Industries Pvt. Ltd.
V0052,Prince Traders
V0544,Prismat Industries
V0684,Pristine Valley Dryport Pvt.  Ltd.
V0053,Pritam Store
V0509,Priya Suppliers Pvt. Ltd.
V1205,Pro Traders Pvt.Ltd.
V0890,Promoda Switch Gears Pvt. Ltd.
V0891,Prompt Service & Sales Co.
V0838,Pump Engineering Pvt. Ltd.
V0154,Punam Kabadi Centre
V0426,Punjab Hariyana Roadways
V0615,Pure Sound Pvt. Ltd.
V0391,Purnima Dhuwani Sewa
V1389,Pushkar Enterprise
V0892,QUOTECH SOLUTIONS
V1056,Quality & Environmental Management Service Pvt.Ltd
V1437,Quality International
V0940,Quality Trade Center
V1504,R. N REFRACTORY WORKS
V0976,R.D. Furniture & Furnishing Centre Pvt.Ltd
V1448,R.P.Accessories World
V1254,R.R. Multi Structure Lab Pvt Ltdnnnnnnn
V1229,R.R.P. Associates
V1368,RAHUL OIL STORES
V1320,RAINBOW COLOURS
V0985,RAMANA MACHINES
V0665,RASHMI CEMENT LTD.
V1357,REBS Lubrication India Pvt. Ltd
V1303,RIBBON ENTERPRISES PVT.LTD
V1302,RIELLO POWER INDIA PRIVATE LIMITED
V1517,RITCO LOGISTICS LIMITED
V1403,ROSHANI FURNITURE
V1445,RUDRA DHUWANI SEWA
V0400,Radhakrishna Logistics Pvt. Ltd.
V0155,Radhe Shyam Traders
V0054,Radhika Traders
V0606,Radio Link Advertisment Pvt. Ltd
V0305,Raghav Productivity Enhancers Ltd.
V0156,Rahul Steel And Hardware Suppliers
V1406,Raj Electrical Centre
V0768,Raj Hardware
V0157,Raj Laxmi Traders
V0055,Raja Trading
V0056,Rajan Scrap
V0308,Rajasthan Minerals
V0158,Rajdevi Traders
V0635,Rajdhani News Publication Pavt.Ltd
V0821,Rajesh Hardwares Pvt. Ltd.
V1000,Rajesh Trading Company
V1026,Raju Sha
V0346,Raju Tractor Parts Store
V0159,Ram Janaki Kabadi Pasal
V0160,Ram Janaki Traders
V1340,Rama Janaki Kawadi Pasal
V1035,Ramniwash Traders Suppliers
V0855,Randor Tech Products
V0477,Rani Sati Stationary & Gift House
V0161,Ranjeet Scrap
V0347,Raunak Auto Care
V0738,Rav Brothers
V0455,Ravi Seed Center
V0826,Real Steels Pvt. Ltd.
V1076,Red Mars Enterprises
V1324,Regency Watch Pvt. Ltd.
V0806,Reliable Bearings Nepal Pvt. Ltd.
V0666,Reliable Hitech Infrastructure Pvt. Ltd.
V1003,Reliable Industries Pvt.Ltd
V0300,Reliance Concast Solutions
V0556,Reliance Petro Pvt. Ltd.
V0975,Renko Pen And Stationery Pvt. Ltd.
V0057,Reza Traders
V0301,Rhi Magnesita
V0302,Rhi Magnesita India Limited
V0451,Rich Interior Pvt. Ltd.
V0453,Richa Pharmacy
V1281,Riddhi Siddhi Logistics
V0677,Riddhi Siddhi Trade Concern
V0776,Riddhi Siddhi Trade Link
V0503,Rilu Enterprises
V1267,Rishika Enterpreses
V1412,Ritik Media Pvt.Ltd.
V1428,Ritika Exim Pvt.Ltd
V0162,Riya Scrap Concern
V0058,Riyans And Sahil Enterprises
V0523,Rk Trading & Suppliers
V0537,Rn Instrument India
V0163,Rohan Traders & Suppliers
V1298,Rohit Enterprises
V0059,Rohit Rohan Traders Pvt. Ltd.
V1246,Roots Advertising
V0405,Roshani Dhuwani Sewa
V0164,Roshni Kawadi Collection
V1540,Ross Controls India Pvt Ltd
V0948,Royal Udhyog Pvt.Ltd
V0321,Rs Construction
V1432,Rudra Enterprises
V1327,Rudra Suppliers
V0484,Rukmani International Pvt.Ltd
V1510,Rukmini Suppliers
V0375,S Atif Aoto Worshop
V1446,S K TRADING CO
V0991,S R Machinery Suppliers
V0803,S-Power Bpe Pvt. Ltd.
V1023,S.A.R Clearing Sewa
V1451,S.K. Tyre Centre
V1008,S.M.C. Global Pvt.Ltd
V0741,S.P. Machine Shop
V0966,S.R. Pandey & Co.
V1300,SABURI COAL TRADING PVT.LTD
V1194,SANIMA TR LOAN -NPR
V1195,SANIMA TR LOAN -USD
V0906,SATYA  INTL PRIVATE LIMITED
V1054,SEBI INTERNATIONAL TRADING SPC
V0655,SHAKAMBHARI ISPAT & POWER LTD
V1365,SHASWAT TRADING
V1222,SHIV & JUGNU INDUSTRIES
V0962,SHIVA INDUSTRIES
V1047,SHIVA SCIENTIFIC TRADERS
V1311,SHREE NARAYAN SALES AND SERVICES
V1087,SHYAM METALICS AND ENERGY LIMITED
V0307,SS Enterprises
V1344,SU-KAM Power Solution
V1049,SUNLIKE EXIM PRIVATE LIMITED
V0060,Saakha Steel Industries Pvt. Ltd
V0376,Sabir Motorcycle Repairing Workshop
V1102,Sabita Holding Company Pvt. Ltd
V1348,Sachin Gupta Suppliers
V0061,Sachin Scrap Suppliers
V0165,Sagun Traders
V0469,Sah Soupnar Udhyog
V1414,Sahara Group Pvt. Ltd.
V1001,Sai Services Pvt. Ltd.
V1110,Saifco (india Co)
V1339,Sajangoth Sweets & Snacks
V1439,Sajilo Marmat Sewa Pvt. Ltd.
V1438,Sajilo Marmat Sewa Pvt. Ltd.
V0598,Sakshi Infotech
V0846,Sakshi Pragati Trade & Suppliers
V0971,Sakshi Press & Cutting Udhyog Pvt.Ltd.
V0062,Sakshi Trade Center
V0532,Sakun Suppliers
V1092,Samar Suppliers
V0625,Samayabodh Media Pvt.Ltd
V1426,Samparna Dhuwani Sewa
V0907,Samriddhi Trading
V1025,Samridhi Dhuwani Sewa Pvt.Ltd.
V1477,Samurai Steel Industries Pvt.Ltd
V1028,Sana Workshop
V0166,Sandarv Trade & Suppliers Pvt. Ltd.
V0647,Sangam Arts
V0445,Sangrila Marketing Nepal Pvt. Ltd.
V0167,Sani Trade & Suppliers
V0168,Sanjay Kabadi Suppliers
V0169,Sanju Jay Bhole Baba Traders
V0063,Sanju Multi Suppliers
V0064,Sankat Mochan Enterprises
V0170,Sanskriti Suppliers
V0798,Santosh Electronics
V0171,Santosh Hardware And Scrap Suppliers
V0407,Sanvi Roadlines
V0854,Sapry Marketing Pvt. Ltd.
V0674,Saraf Terexim Limited
V0172,Saran Traders
V1058,Saraswati G.C (TIA Clearing Vendor)
V0795,Sarbottam Cement Limited
V0840,Sarbottam Exims Pvt. Ltd.
V0378,Sarbottam Minerals Pvt.Ltd
V0941,Sarbottam Steels Limited.
V0066,Sarbottam Suppliers
V0942,Sarbottam Wires P. Ltd.
V1454,Sarbottam cement East Pvt.Ltd.
V1316,Sarovar Portico Birgunj
V0458,Satibani Galla Bhandar
V1109,Satya Bevereges & Distillers PVT.LTD
V1356,Satyam Suppliers
V1509,Saurabh Energy Pvt Ltd
V0759,Saurabh Photo International
V0849,Sawariya Machinery
V1390,Scientific Laboratory Chemicals & Equipment
V1295,Seliksha Heavey Equipment Earth movers Pvt Ltd
V0348,Service Point
V1041,Servokon Nepal and Fabrication
V0173,Shah Cartoon Packaging Udhyog
V0814,Shakambari Bearing & Suppliers
V1206,Shakib Motor Workshop
V1214,Shakil Haidar Traders
V0067,Shakti Traders And Supppliers
V0717,Shama Construction
V1489,Shama Construction Pvt Ltd
V0947,Shambhavi Stationery and General Suppliers
V1534,Shangrila Marketing Nepal Pvt. Ltd.
V0545,Shankar Agencies
V0354,Shankar Motor Parts
V0528,Sharif Enterprises
V0412,Sharma Goods Transport Company
V0701,Sharma Hotel
V1493,Sharma Services Pvt. Ltd.
V0355,Sharraf Motorcycle Repairing And Workshop
V1033,Shenzhen Chois Enterprise Ltd
V0675,Shikhar Insurance Company Ltd.
V0912,Shiltex Private Limited
V0174,Shiv Bhawani Supplier
V0943,Shiv Infra Solutions Pvt.Ltd
V0944,Shiv Shakti Hardware
V0786,Shiv Shakti Scale Industries
V0175,Shiv Shakti Stores
V0747,Shiv Shankar Chemical Udhyog
V1418,Shiva Catering and Cooking Service
V0895,Shiva Enterprises
V1048,Shiva Scientific Traders
V0783,Shiva Traders
V0945,Shiva consultancy Services P. Ltd.
V0896,Shivam Minerals
V0068,Shivam Packaging & Suppliers Pvt. Ltd.
V0176,Shivam Scrap Suppliers
V1282,Shivam Store Tatha Suppliers
V0177,Shivansh Hardware & Suppliers
V0489,Shivashankar Plastic & Household Pasal
V0178,Shivshakti Kabadi Pasal
V0318,Shree Ashtec Pvt. Ltd.
V0069,Shree Bajrang Bali Suppliers
V1443,Shree Balaji Industries
V0406,Shree Bhairab Dhuwani Service
V0383,Shree Carriers
V0179,Shree Churiya Mai Suppliers And Traders
V0929,Shree Deurali Darshan Dhuwani Sewa
V0353,Shree Durga Auto Workshop
V0349,Shree Durga Motor Parts Store
V0568,Shree Durga Oils
V0180,Shree Gadhimai Kabadi Sankalan & Suppliers
V0979,Shree Gadhimai R.M.C Pvt.Ltd
V1227,Shree Ganesh Suppliers
V0769,Shree Hanuman Itta Udhyog
V0557,Shree Harisiddhi Oil Store
V1274,Shree Ishwori Darshan Dhuwani Sewa
V0070,Shree Jireshwari Kabadi Kharid Tahta Bikri Kendra
V0779,Shree Khemi Sati Trade Concern
V0071,Shree Laxmi Bhada Pasal
V0072,Shree Laxmi Traders & Suppliers
V0073,Shree Maha Laxmi Hardware Trading Center
V0805,Shree Mangalam Enterprises
V0292,Shree Manoj Saw Mill
V0897,Shree Narayan Sales & Services
V1494,Shree New Deurali Darshan Duwani Sewa
V0567,Shree Oil Distributors
V1287,Shree Om Sai Transport Pvt. Ltd.
V0722,Shree Ram Agro Engineering Works
V1224,Shree Ram Electrical Workshop
V0074,Shree Ram Scrap & Suppliers
V0382,Shree Sheetlamai Dhuwani Sewa
V0793,Shree Shyam Machinery Tools
V0181,Shree Sitaram Suppliers
V0431,Shree Vijay Laxmi Transport Company
V1014,Shreeram Janaki Furniture Udhyog
V1524,Shreeshankar Placement Service
V1120,Shrestha Concept Nepal Pvt.Ltd
V0317,Shrestha Enterprises
V1447,Shrestha Hardware and Sanitary
V1458,Shri Govind Logistics
V1306,Shristhi Rachana Construction Pvt. Ltd.
V1119,Shristi Advertising Center
V1268,Shruti Trade and Suppliers
V0075,Shubh Labh Trade Link
V1253,Shubha Labha Logistics Pvt Ltd
V0778,Shubha Shree Jagdamba Cement Mills Ltd.
V1459,Shubha Singhal Traders
V0624,Shubham Media Pvt.Ltd
V1444,Shubham and Bishal Suppliers
V1475,Shubhashree Pvt. Ltd.
V0399,Shubhlav Transport Pvt. Ltd.
V0807,Shyam Electric House
V0077,Shyam Iron & Tyre Trade
V0831,Shyam Kastha Suppliers Tatha Furniture Center
V0668,Shyam Sel And Power Ltd.
V0649,Shyam Steel & Minerals
V0507,Siddha Trade And Suppliers
V0965,Siddhartha Cottage Resturant and Bar Pvt. Ltd.
V0791,Siddhartha Hardware
V1385,Siddhartha International Hotel Limited
V0680,Siddhartha Premier Insurance Limited
V1105,Siddhartha Trading and Suppliers
V0389,Siddhi Binayak Road Carriers Pvt. Ltd.
V1061,Siddhi Ganesh & Pathivara Suppliers
V1053,Siddhi Vinayak RoadLines Pvt.Ltd
V0915,Siddhishree Industries Pvt.Ltd
V0182,Sigdel Suppliers Pvt. Ltd.
V1293,Sigma Technologies Pvt. Ltd
V1098,Sign Hub Pvt. Ltd
V0607,Simara Civil Aviation Office
V1039,Simple Energy Pvt. Ltd.
V0596,Simplify It Solutions Pvt. Ltd.
V0351,Simran Motorcycle Workshop
V0350,Simran Trading And Suppliers Pvt. Ltd.
V0377,Sipradi Trading P Ltd
V0183,Sita Devi Traders
V0184,Sitaram Suppliers
V1528,Siya And Samar Trade Private Limited
V0597,Sky Technologies
V1322,Skyline Infra Pvt. Ltd.
V0078,Smart Clean & Recycle Pvt. Ltd.
V0578,Smart It Solution
V0902,Snk Rolling Bearings
V1232,Soaltee Hotel Limited
V1114,Sohana Dhuwani Sewa
V0954,Sohib Enterprises
V1208,Sojol Scrap Pvt.Ltd.
V0903,Sokhi Heli-Wom Gears Pvt.Ltd.
V0688,Solid Furture Hr Consulting Pvt. Ltd.
V1491,Somay Sneh(india) Enterprises
V1442,Sona Chemicals
V0079,Sonakshi Traders And Suppliers
V0185,Sonu Traders & Suppliers
V0627,Sos Media Pvt.Ltd
V0365,Spark Automotives Pvt. Ltd.
V0904,Spectro Analytical Instruments Gmbh
V1401,Speed Exim Pvt. Ltd
V0905,Speedage Engineers Pvt. Ltd
V0306,Sreeram Smelters Pvt Ltd-Wire
V1011,Star Chemical Udhyog
V1215,Star Iron and Steel Industries
V0669,Starlight Ispat Pvt. Ltd.
V0496,Stationery World
V0186,Steel Mart
V0287,Steel Wood
V1476,Steel Wood Enterprises Pvt. Ltd
V1415,Steels Manufacturing Association
V0546,Subha International
V0987,Subha Shree Jagadamba Cement Mills Ltd
V0080,Subharambha Impex Pvt.Ltd.
V0691,Subhash & Company
V0187,Subhlabh Traders
V0188,Subi Traders
V0726,Sudeep Nirman Sewa
V0432,Sugam Express Pvt. Ltd.
V0429,Sugam Parivahan Pvt. Ltd.
V0189,Suman Scrap Center
V1464,Sumit Auto Enterprises
V0005,Sumit Kabadi
V0626,Sunaulo Nepal Online Pvt.Ltd
V1470,Sundara Devi Suppliers
V0128,Suneri Steels Pvt. Ltd.
V0687,Sunil Chapain And Associates
V0470,Sunil Hardware Store
V0525,Sunita Enterprises & Suppliers
V1261,Sunny Clean and Recycle Pvt. Ltd
V0190,Sunny Iron
V0495,Sunrise Trade Link Pvt.Ltd
V0191,Sunsari Kabadi Pasal
V0900,Suony Fibre Glass (I) Pvt. Ltd.
V1196,Supath Pharmacy
V0430,Super Parcel Service
V0830,Super Roshani Furniture
V1466,Super Smart Multi Trade Pvt.Ltd.
V0651,Super Smelters Ltd.
V0670,Super Smeltors Limited
V1030,Supreme IT Trade & Service Pvt. Ltd.
V0192,Supreme Metal Suppliers
V0081,Supriya Mart Emporium
V0082,Suraj Chand Hardware
V0352,Suraj Electronics
V0083,Suraj Kabadi Center
V0193,Suraj Nirman Samagri Suppliers
V0464,Suresh Enterprises
V0547,Surindra Engineering And Trading Co.
V0901,Suruchi Electrical Automation Solution
V0084,Surya Enterprises
V1088,Swastik sweets & Snacks Pvt. Ltd
V1449,Synergy Tech Pvt. Ltd
V1038,T.R.S. Himalayan Logipark Pvt. Ltd.
V1484,TRANSPORT CORPORATION OF INDIA LIMITED
V0194,Tamagadhi Suppliers
V0623,Tamakoshi Media Pvt.Ltd
V0085,Tamreshwor Scrap And Metal
V0725,Tan-Arc Constuction & Consult
V0195,Tanya Traders
V0636,Tapasya Creation Pvt. Ltd.
V0086,Tara Mata Suppliers
V0671,Tata International Ltd
V1123,Tathya Yekikrit Krishi Firm
V0433,Tci Freight
V0434,Tci-Express
V1218,Te Steels Pvt.Ltd.
V0548,Tech Flow Entrprises Pvt. Ltd.
V1017,Technocraft International
V0513,Technocraft International
V0899,Technotherma Furnances
V1334,Techwood Private Limited
V0600,Telematics Tech Pvt. Ltd
V0608,Teligenz Pvt. Ltd
V1217,Ten Steels Pvt.Ltd.
V1531,Terai Chemical Industries
V1086,Terai Goods Carrier
V0356,Terai Motors Pvt. Ltd.
V1223,Texa Traders Private Limited
V1405,The New Gaurav Provision Stores
V0919,The Oriental Insurance Company Ltd.
V0558,Three Brothers Oil Stores
V1329,Thulo Inc. Pvt. Ltd.
V0533,Tibrewal Liquors
V0479,Tibrewal Suppliers
V0465,Tibrewala Impex
V0380,Times Auto Company Pvt. Ltd.
V0653,Times Steel & Power Pvt. Ltd.
V1523,Trans Carriers India Logistics
V1240,Transweld Nepal Pvt. Ltd.
V0087,Transweld Trade Pvt. Ltd.
V0034,Tribhuwan Trade Center
V0951,Tridev Hardware and Impex
V0927,Trination Logistics Pvt. Ltd
V1213,Trishakti Roadlines Pvt.Ltd.
V0815,Trishakti Trade Links
V0488,Trishakti Trading House
V0622,Trishuli Media Service
V0500,Tulsi General Order Suppliers
V0379,Tulsyan Tractors
V0728,Tuscon Engineers Pvt. Ltd.
V0637,Tv Annapurna Pvt.Ltd
V1082,Tyre Centre Pvt.Ltd
V0364,Tyre Emporium
V1221,UNITECH INDUSTRIAL ENGINEERING SOLUTIONS
V1243,UPPER CONSTRUCTION PVT.LTD
V0487,Udash Store
V0534,Udaypur Dairy & Sweets
V1330,Ujyalo Power Trading
V0526,Unique Cake & Bakers
V0088,Unique Hardwares
V0357,Unique Ideal Automobiles Pvt. Ltd
V1511,United Facility Service Pvt. Ltd.
V0619,Universal Advertisment Pvt. Ltd.
V0401,Upaya City Cargo Pvt. Ltd.
V0913,Usha Capacitors Ltd
V1249,Uttam Machinery And Automobile Tools Traders
V0914,VIKAS CASTINGS
V1305,VINAYAK STICKERS AND PRINTERS PVT.LTD
V0456,Vaishnavee Engineering & Repairing Works
V0559,Valley Baba Suppliers Pvt. Ltd.
V0089,Vandana Steels Pvt. Ltd.
V0921,Varuna Integrated Logistics Pvt. Ltd.
V0436,Varuna Integrated Logistics Pvt. Ltd. IN
V1226,Vatsal Clearing & Forwarding agency
V1496,Vegas City Entertainment Pvt. Ltd.
V1291,VibAlign India
V0090,Vijay Enterprises
V0091,Vijay Scrap Mart
V0435,Vinayak Logistics
V0494,Vishal Apurva Pvt. Ltd
V0762,Vishal Hardware
V0898,Vishal Pneumatic Tools
V0673,Vishnu Iron & Steel Pvt. Ltd.
V0092,Vishwas Traders
V1198,Vision creation Digital Printing
V0549,Visiontech System India Pvt. Ltd.
V1372,WUXI WEICHENG CARDANSHAFT CO.LTD
V0693,Water Engineering & Training Centre Pvt. Ltd.
V1296,Wefixit Nepal Pvt. Ltd
V0530,World Wide Scientific & Suppliers
V0583,Worldlink Communication Ltd.
V0764,Worldwide Trading Co. Pvt. Ltd.
V0490,Xclusive Automotives Pvt. Ltd.
V1516,YADAV PARIVAHAN
V0474,Yadav Store
V1101,Yadhubangsi Dhuwani Sewa Pvt. Ltd
V0093,Yadhubangsi Traders
V0094,Yes Multiple Suppliers Pvt.Ltd.
V0681,Yug Shree Pharmacy
V0515,Yuvraj Suppliers
V0437,Zast Logisolutions P Ltd
V0621,Zealous Media
V0853,Zeemag Industries Ind
V0358,Zoya Automobiles
V1407,jaya matadi stors
V1421,lasoon Saloon Resturant & Bar Pvt. Ltd.
V1341,prajuli Junk card center
V1351,sapana sagar multipurpose pvt.ltd
V1248,use in new
